expt,HDonors,HAcceptors,AromaticRings,Morgan1,MaxAbsCharge
-11.01,0,2,1,1.2307692307692308,11.429183201058201
-4.87,0,2,0,1.6,9.397376543209877
1.83,0,0,0,1.6,3.560185185185185
-5.45,0,2,1,1.5,4.034722222222222
-4.21,1,1,0,1.0,8.365586734693878
-6.27,1,1,1,1.0,8.99388888888889
2.34,0,0,0,0.6666666666666666,2.240740740740741
-3.92,1,1,0,1.4285714285714286,9.01763888888889
1.58,0,0,0,0.875,2.3787962962962963
-4.62,1,1,0,1.8,8.36111111111111
-1.96,0,0,0,1.3333333333333333,3.0625
-3.88,1,1,0,1.4285714285714286,8.935185185185185
-4.33,0,1,1,1.5,4.097222222222222
-2.49,0,2,0,1.4444444444444444,10.579722222222223
-2.55,1,1,1,1.0,4.084382716049383
-4.78,1,1,0,1.1818181818181819,8.5533841962711
-1.46,0,0,1,0.8888888888888888,2.238425925925926
-2.22,0,1,1,1.2222222222222223,5.2058333333333335
-5.85,1,1,1,1.125,8.735833333333332
2.88,0,0,0,1.1428571428571428,2.2743055555555554
-6.34,0,4,0,1.0,10.125718537414967
-6.1,0,8,0,0.6842105263157895,5.554592466616276
-5.48,1,1,0,0.875,9.089166666666667
-4.1,0,2,0,1.7142857142857142,10.351851851851851
-4.1,0,1,1,1.125,8.287592592592592
-3.52,0,1,0,1.6666666666666667,7.947361111111111
-4.47,1,1,0,1.2,8.520833333333332
-2.74,0,1,0,1.0,10.842592592592592
-3.43,0,1,0,2.0,9.17361111111111
-7.81,0,1,0,1.6,9.430555555555555
-0.8,0,0,1,0.75,2.1203703703703702
0.93,0,0,0,1.2,3.4791666666666665
-6.78,2,2,2,1.0,11.123831884605693
-9.29,0,1,1,1.1818181818181819,11.27037037037037
-4.07,1,1,0,1.2,3.111111111111111
-5.91,1,1,1,1.0,9.022397959183674
-2.13,0,2,0,1.625,9.564127928949357
-3.64,1,1,0,0.7272727272727273,8.507012641489101
-2.68,0,2,0,1.5714285714285714,10.189583333333333
3.13,0,0,0,0.5555555555555556,2.2637110260770976
-10.0,1,1,0,1.8,9.70138888888889
2.06,0,0,0,1.1111111111111112,3.678478757243638
-8.11,1,1,2,0.8181818181818182,9.130243764172334
-1.12,0,0,1,0.8888888888888888,5.5975617283950605
-23.62,6,6,0,0.6666666666666666,8.95662037037037
-2.83,0,2,0,1.7142857142857142,10.189583333333333
-4.68,1,2,1,1.3333333333333333,10.067314814814814
-5.56,1,1,0,1.25,3.111111111111111
-3.65,1,1,0,1.0,3.2847222222222223
-5.49,1,1,1,1.0,5.357777777777778
3.12,0,0,0,0.8,9.6875
-4.42,1,1,0,1.6666666666666667,8.33476851851852
-6.2,1,1,1,1.25,8.91175925925926
-6.96,1,3,1,1.0909090909090908,9.338796296296296
-0.16,0,0,0,2.0,4.777777777777778
-0.25,0,0,1,0.9,11.78787037037037
-9.3,2,2,0,1.0,4.0
-4.63,0,1,1,1.4285714285714286,3.979166666666667
-10.22,2,5,1,1.0,5.6792542202066
-3.56,0,2,2,0.6875,5.905221893284062
-3.65,1,1,0,0.8888888888888888,5.343246488410179
-4.29,1,1,0,1.0,0.0
1.07,0,0,1,0.6428571428571429,12.078703703703704
-9.51,1,3,1,1.3636363636363635,10.820871126228269
-0.23,0,0,1,1.0,2.241064814814815
-0.11,0,0,0,1.5,10.333333333333334
-16.43,1,4,2,1.2666666666666666,11.678522297808012
0.56,0,0,0,1.0,3.361111111111111
-3.2,0,1,0,1.0,2.0
-9.31,1,1,0,1.5,10.096346371882087
-1.88,0,3,0,1.75,9.487083333333334
-14.21,2,4,2,0.85,12.58277730536659
-8.18,1,4,0,1.8571428571428572,9.230416666666667
-2.88,0,1,0,1.2222222222222223,10.40689767573696
-7.77,1,2,0,1.2857142857142858,3.2734722222222223
-4.5,1,1,0,2.0,4.847222222222222
-0.99,0,0,0,0.7142857142857143,2.125
-3.78,0,0,2,0.5,2.2413425925925927
-0.84,0,0,0,1.5,5.040123456790123
-7.66,1,2,1,1.4444444444444444,8.864166666666666
-3.15,0,0,2,0.75,2.2488425925925926
0.52,0,0,0,0.8888888888888888,3.418536824452003
-6.62,1,1,1,1.125,8.537592592592592
-18.17,2,2,1,1.4444444444444444,10.51738425925926
2.1,0,0,0,1.0,2.1805555555555554
-0.55,0,0,0,1.5,4.638888888888888
-0.03,0,0,0,1.6,3.3136574074074074
-1.21,0,1,0,0.8571428571428571,2.226851851851852
2.67,0,0,0,0.7142857142857143,2.245694444444444
-9.63,1,1,1,1.6,3.666666666666667
-3.84,0,2,2,0.7222222222222222,6.0667542202066
-9.73,1,3,1,1.5,11.706828703703703
-2.49,0,0,0,1.3333333333333333,2.2750000000000004
-4.13,0,2,0,1.0769230769230769,11.57087962962963
-4.02,0,2,0,2.0,8.805555555555555
-2.1,0,1,0,1.75,4.541666666666666
-4.59,0,3,0,1.1111111111111112,5.449706790123456
2.3,0,0,0,1.0,2.1666666666666665
-6.09,1,1,0,1.7142857142857142,9.809722222222222
-7.07,0,4,1,1.25,12.29876557207245
-0.33,0,0,0,1.75,5.1859567901234565
-1.28,0,1,0,1.0,2.224861111111111
-4.06,1,1,0,1.4285714285714286,8.857916666666666
-3.88,0,1,0,2.0,7.319444444444445
-1.92,0,1,1,1.1538461538461537,11.950036848072562
0.1,0,1,0,1.2,11.219212962962963
1.01,0,0,0,1.0,3.5504166666666666
-0.83,0,0,1,1.0,2.1666666666666665
-3.13,0,2,0,1.8,9.590277777777779
-4.04,0,3,1,0.8461538461538461,5.17787037037037
-3.64,0,2,1,1.3636363636363635,11.022453703703704
-1.1,1,1,0,1.75,3.920524691358025
-3.04,0,1,0,1.375,10.318568594104308
-9.61,1,3,1,1.5,11.153530801209373
-2.38,0,0,1,1.125,3.3574537037037038
-2.23,0,2,0,1.3,10.695651927437641
-1.66,0,1,0,1.6,4.690972222222222
-6.32,0,2,0,1.2857142857142858,5.098194444444444
-9.65,1,2,1,1.4444444444444444,8.793055555555556
-4.38,0,0,2,0.5555555555555556,6.146028596623834
-0.53,0,0,1,1.1111111111111112,2.201388888888889
-12.64,0,6,2,1.1428571428571428,11.672037037037036
-4.29,1,1,0,1.3333333333333333,2.75
2.93,0,0,0,0.8888888888888888,11.037037037037038
-7.03,1,1,1,1.125,8.698024691358025
-5.11,1,1,0,0.8333333333333334,3.2847222222222223
-3.88,0,0,3,0.42857142857142855,2.1782407407407405
-0.89,0,0,0,1.5,2.1500000000000004
-6.44,1,3,1,1.0769230769230769,9.531574074074074
-0.78,0,0,0,1.0,4.8734567901234565
2.3,0,0,0,1.0,2.2118055555555554
-3.64,0,1,0,1.8,7.81625
0.5,0,0,0,1.2857142857142858,11.0
-5.04,0,2,1,1.4,4.156388888888889
-1.82,0,3,0,1.875,9.551944444444445
-2.46,0,0,2,0.7857142857142857,6.072096245905769
-3.48,0,0,2,0.6875,6.129966616276139
2.52,0,0,0,1.1428571428571428,2.2962962962962963
-3.73,1,1,0,1.2857142857142858,8.722777777777779
-3.12,0,1,0,0.8333333333333334,5.069444444444445
0.75,0,0,0,0.6666666666666666,1.5
-3.17,0,0,2,0.47368421052631576,6.155287855883093
0.25,0,0,0,1.5,4.845679012345679
-4.5,1,1,0,1.6,8.143518518518519
-2.44,0,2,0,1.5,10.348472222222222
-0.64,0,0,0,0.5,5.1442901234567895
-2.73,0,1,1,1.125,2.1018518518518516
-5.66,1,1,1,1.3333333333333333,9.11050925925926
1.09,0,0,0,1.2,5.530092592592592
0.68,0,0,0,1.8,3.5555555555555554
-0.68,0,0,1,1.0,2.212962962962963
-8.41,0,2,1,1.6666666666666667,3.7847222222222223
-9.3,2,2,0,1.0,7.625
-1.36,0,0,1,0.875,5.5767283950617275
-15.83,2,2,1,1.3333333333333333,10.351111111111111
-2.48,0,2,0,1.8333333333333333,9.341527777777777
-3.1,0,2,2,0.7333333333333333,5.868184856247025
-6.21,1,1,0,1.5,9.874124149659863
-5.71,0,4,0,0.9166666666666666,10.721758786848072
-4.86,0,1,1,1.375,4.04
0.14,0,0,0,0.8333333333333334,2.267361111111111
-7.58,0,2,0,0.75,2.361111111111111
-3.04,0,0,2,0.5555555555555556,6.146028596623834
-6.5,0,2,0,0.75,10.282777777777778
-4.0,0,2,0,2.0,9.82638888888889
-3.18,0,1,0,1.8,9.40486111111111
-0.79,0,0,1,1.125,2.162037037037037
-0.44,0,0,0,1.4,4.9567901234567895
-3.22,0,1,0,0.8571428571428571,2.375
-4.15,0,2,2,0.631578947368421,6.081681941295035
-5.22,0,1,1,1.25,3.9450925925925926
-18.06,3,3,1,0.6666666666666666,10.18
-4.02,0,1,1,1.125,10.006481481481481
-4.39,0,1,1,1.4285714285714286,5.4285802469135795
-0.57,0,0,0,2.0,5.0679012345679
-4.7,0,1,1,1.2,10.75667044595616
-2.75,0,1,0,1.5,8.0
-1.14,0,0,1,1.25,5.708672839506172
-9.8,0,1,0,1.375,10.571944444444444
-4.42,0,3,0,0.875,4.791666666666666
-0.4,0,0,1,1.1,2.225138888888889
-3.45,0,1,1,1.0,2.0833333333333335
-2.01,0,1,0,1.4,4.75
-4.53,0,2,2,0.3181818181818182,6.1029522549760635
-2.98,0,0,2,0.22727272727272727,6.202787855883093
-1.99,0,0,0,1.4,5.095679012345679
-4.69,1,1,1,1.125,3.026944444444444
-2.64,0,2,0,1.5714285714285714,10.031944444444445
-0.9,0,0,1,0.3333333333333333,2.0
-1.24,0,0,1,0.8888888888888888,5.613765432098765
-6.5,0,5,1,1.1666666666666667,5.835130399441516
-10.03,0,8,2,1.368421052631579,12.165822625346436
-4.05,0,2,2,0.7647058823529411,6.054045886873267
0.4,0,0,0,1.0,3.6550925925925926
1.58,0,0,0,1.6666666666666667,3.5981944444444443
-0.7,0,0,0,1.0,0.0
-1.59,0,1,0,1.2,4.833333333333333
-7.65,2,6,1,1.2,4.263926681783825
-8.72,1,3,1,1.3571428571428572,11.326939720332577
-2.26,0,2,0,1.3,10.254216348576467
-4.7,0,1,0,1.1666666666666667,10.243055555555555
-6.16,1,1,0,1.7142857142857142,9.758194444444445
-0.74,0,0,0,2.0,3.1458333333333335
-2.63,0,0,2,0.6666666666666666,2.217037037037037
-4.4,1,1,0,1.1428571428571428,8.292882653061223
-2.69,0,0,2,0.6923076923076923,6.058762912572435
0.67,0,0,0,1.4285714285714286,2.3506944444444446
-1.66,0,3,0,1.4,9.61532745968758
-2.13,0,0,0,1.0,3.1041666666666665
-6.13,1,1,1,1.2222222222222223,8.85218820861678
-6.4,1,2,0,1.4285714285714286,8.167882653061223
-3.82,0,2,1,1.2222222222222223,9.75204081632653
-18.72,2,2,1,1.4444444444444444,10.556759259259259
-6.35,1,1,0,1.8333333333333333,9.599305555555556
-0.8,0,3,0,0.8181818181818182,12.00125
-20.52,4,5,0,1.0,8.876620370370372
1.79,0,0,0,1.2,10.270833333333334
-4.72,1,1,0,1.6,8.06625
-0.8,0,0,1,1.0,11.906666666666666
-2.94,0,2,0,1.8333333333333333,9.821527777777778
-1.69,0,2,0,1.3,10.825046296296296
-2.21,0,1,0,1.1666666666666667,4.9375
-2.55,0,0,0,0.8823529411764706,6.57224537037037
-3.41,0,1,0,1.3333333333333333,10.180555555555555
-1.1,0,2,0,1.5,10.974953703703704
-2.4,0,0,2,0.5,2.1203703703703702
-4.4,0,0,2,0.47368421052631576,6.159361929957167
-9.94,1,3,1,1.3076923076923077,10.611948223733938
-3.11,0,1,0,1.2857142857142858,10.465277777777779
-4.87,0,3,0,1.5,9.777777777777779
-4.73,0,1,1,1.375,3.8933333333333335
-3.22,1,1,0,0.8571428571428571,3.3055555555555554
-3.67,0,2,2,0.625,5.872300082584474
-3.79,1,1,0,1.0,5.310742630385487
1.59,0,0,0,1.1666666666666667,2.3402777777777777
2.0,0,0,0,1.3333333333333333,2.125
-3.3,0,1,0,1.6666666666666667,5.152777777777778
-9.45,1,2,2,1.1333333333333333,11.091562263794406
-9.52,1,2,1,1.4444444444444444,10.047592592592594
-3.95,0,0,3,0.42857142857142855,2.2407407407407405
-1.31,0,0,0,1.3333333333333333,4.763888888888888
-2.4,0,2,0,1.375,10.61111111111111
-1.45,0,2,0,1.4285714285714286,9.430555555555555
-8.61,0,2,0,1.0,10.430555555555555
-5.26,1,1,1,1.1111111111111112,9.206296296296296
-5.49,1,1,1,1.375,8.813055555555556
-9.53,2,4,2,0.8333333333333334,12.283240740740741
-11.85,2,4,2,0.6666666666666666,12.338796296296296
-2.49,0,1,0,1.1,10.47643857079869
-4.24,1,1,0,1.6,5.139027777777778
-2.49,0,2,0,1.5,10.420833333333334
-5.57,1,1,1,1.125,5.426666666666667
0.08,0,0,0,1.1428571428571428,2.427110090702948
1.77,0,0,0,0.875,11.544753086419753
-8.7,0,4,0,1.0,10.652777777777779
-0.98,0,0,1,1.0,5.560524691358024
-2.47,0,0,2,0.9166666666666666,2.224537037037037
2.51,0,0,0,1.3333333333333333,2.2534722222222223
-5.04,0,5,1,1.1666666666666667,5.9376562106324
0.06,0,0,0,1.3333333333333333,10.652777777777779
1.28,0,0,0,1.0,3.0
-0.14,0,0,0,1.3333333333333333,2.4107722222222225
-4.42,0,3,0,0.8571428571428571,4.604166666666667
3.16,0,0,0,0.5,2.2698838655832705
-4.95,0,6,0,1.3636363636363635,9.612318594104309
1.32,0,0,0,2.0,3.361111111111111
-5.88,1,0,2,1.2,3.187824074074074
-12.74,1,4,0,1.3333333333333333,11.349560185185185
1.23,0,0,0,0.3333333333333333,1.5
-4.45,1,1,0,1.1818181818181819,8.5533841962711
-0.3,0,0,1,1.0,2.2037037037037037
2.56,0,0,0,0.625,2.314814814814815
-3.24,0,1,0,1.5,10.143518518518519
-3.24,1,1,0,0.8888888888888888,3.3872222222222224
-0.99,1,1,0,1.6,4.000663580246914
-3.81,0,2,2,0.6111111111111112,6.074879220206601
-8.68,1,4,1,1.1333333333333333,10.734119425547997
-4.59,1,1,0,1.0,5.634722222222223
-0.5,0,0,0,1.5,10.098765432098766
-6.88,0,4,1,1.3846153846153846,10.902503779289493
-8.26,0,2,1,1.6666666666666667,10.60537037037037
-0.48,0,0,0,2.0,4.597222222222222
-2.07,0,1,0,1.0,9.893722521415974
-6.46,1,1,0,2.0,9.368055555555555
-1.08,0,0,0,1.0,4.805555555555555
-1.21,0,0,1,0.8888888888888888,2.1574074074074074
2.0,0,0,0,1.0,0.0
-1.93,0,0,1,1.125,5.526913580246913
1.7,0,0,0,1.0,2.3602777777777777
-1.38,0,1,1,1.6666666666666667,2.1018518518518516
-4.69,0,1,1,0.8333333333333334,3.7847222222222223
-0.16,0,0,0,1.6,5.301651234567901
-2.92,0,1,0,1.1428571428571428,5.361111111111111
-5.8,1,2,1,1.4,9.109953703703704
-3.44,0,0,0,0.7777777777777778,6.6189120370370365
-0.9,0,0,1,1.0,2.0833333333333335
-2.22,0,2,0,1.7142857142857142,9.487083333333334
-9.2,1,3,1,1.4166666666666667,11.052121126228268
-3.54,0,2,0,0.875,5.010555555555555
-2.11,0,2,0,1.3,10.552731009070294
-5.21,1,1,1,1.2,8.924892290249433
1.31,0,0,0,1.4,2.0833333333333335
-1.79,0,0,0,1.0,5.054012345679012
2.56,0,0,0,1.0,2.298611111111111
-2.78,0,0,2,0.75,2.2407407407407405
-4.59,0,1,1,1.125,4.173611111111111
-1.12,0,1,0,1.5,11.789351851851851
-5.31,0,3,0,1.4444444444444444,10.129119897959184
-7.29,1,2,1,1.4444444444444444,5.454166666666667
-7.1,0,2,1,1.625,9.96648148148148
-4.43,1,1,0,1.5,8.82638888888889
-8.21,0,2,1,1.2777777777777777,11.95265022675737
-2.89,0,1,1,1.1666666666666667,2.0
-2.93,0,2,0,1.2,4.46875
-4.35,1,1,0,1.3333333333333333,8.666666666666668
-2.15,0,1,0,0.9166666666666666,10.57893372435445
-1.95,0,0,0,1.75,5.1390817901234565
-1.74,0,0,1,1.0,2.2798000000000003
-5.18,0,1,0,1.4,11.012708333333334
-0.74,0,0,0,2.0,2.2883333333333336
-5.26,1,2,1,1.4166666666666667,9.27817932728647
-0.48,0,0,0,1.5,3.2708333333333335
-1.39,0,0,1,1.125,3.345416666666667
-10.17,1,2,1,1.2222222222222223,8.742777777777778
-10.08,0,2,0,1.2,9.631944444444445
-6.25,1,1,1,1.4444444444444444,8.944166666666668
-4.44,1,1,0,1.7272727272727273,9.487592592592593
-2.3,0,0,1,0.75,3.3245833333333334
-9.86,1,2,1,1.3846153846153846,10.730617283950616
1.31,0,0,0,1.6,2.125
1.83,0,0,0,1.0,2.0
-5.33,0,2,1,0.9,5.011203703703703
-1.46,0,1,0,1.2,2.1747685185185186
-6.75,0,2,1,1.625,8.247592592592593
-7.29,1,1,1,1.1111111111111112,8.794413580246914
-2.45,0,1,1,1.125,4.914166666666667
-5.91,1,1,1,1.2222222222222223,9.100092592592592
-1.01,0,0,1,0.75,5.553024691358024
-0.77,0,0,0,2.0,10.057098765432098
1.68,0,0,0,1.8,3.5504166666666666
-1.34,0,0,1,0.7,5.634598765432098
0.6,0,0,0,1.4285714285714286,5.019288548752835
-2.34,0,1,0,1.0,10.532611410304863
-1.12,0,0,1,1.0,5.53969135802469
-9.34,0,2,2,0.8421052631578947,6.08337962962963
-3.03,0,1,0,1.6666666666666667,9.56375
-2.87,0,1,2,0.5384615384615384,5.578333333333333
-4.91,0,1,0,1.0,10.463055555555556
-3.09,0,2,0,1.7142857142857142,9.56375
-7.0,0,2,1,1.375,9.978703703703705
-4.23,0,1,0,1.0,5.269182098765432
-3.71,0,2,0,2.0,9.17361111111111
-4.01,0,1,1,1.5714285714285714,5.47719135802469
-0.82,0,0,0,1.5,2.9375
-5.1,1,1,0,1.5,7.0
-2.67,0,1,0,1.25,9.768008786848073
-2.28,0,0,2,0.5,6.1062629125724355
-7.37,1,3,1,1.4,10.147314814814814
-3.88,0,1,0,1.0,2.392361111111111
-2.29,0,1,0,1.1111111111111112,9.8375496819098
-4.12,0,2,1,1.2222222222222223,10.006481481481481
-2.53,0,1,0,1.3636363636363635,11.446157407407409
-25.47,5,6,0,0.9166666666666666,9.119537037037038
-0.22,0,0,0,1.5,9.5
-9.28,0,1,0,1.5,9.555555555555555
-3.15,0,2,2,0.5,5.6524074074074075
-5.53,1,1,1,1.25,5.519814814814815
-0.4,0,0,0,1.6,3.3095138888888886
-3.88,1,1,0,0.8,8.468954790249434
-4.93,0,1,1,1.2857142857142858,3.8455555555555554
0.1,0,0,0,0.6666666666666666,4.993827160493827
0.84,0,0,0,1.2,3.375
-2.78,0,0,2,0.6428571428571429,4.095185185185185
-0.95,0,0,1,1.1111111111111112,2.175925925925926
-4.77,0,1,1,1.5714285714285714,3.8842592592592595
-5.73,0,4,0,0.9,4.907222222222222
-3.35,0,0,2,0.6153846153846154,2.2175925925925926
-9.71,1,1,0,2.0,9.222222222222221
-5.1,0,4,0,1.1428571428571428,9.92361111111111
-2.37,0,0,0,0.6666666666666666,5.114197530864197
-3.3,0,2,0,1.3,10.944629629629631
0.18,0,0,0,1.1428571428571428,3.3795422335600906
0.34,0,0,0,1.0,3.4014650651927436
-3.52,0,2,2,0.7333333333333333,6.003675516502897
-6.4,0,4,0,1.2,8.305208333333333
0.0,0,0,0,1.8,5.462191358024691
-0.04,0,0,1,0.9166666666666666,2.25249716553288
-7.78,1,4,1,1.4285714285714286,10.597730536659107
1.07,0,0,1,0.7142857142857143,11.988703703703703
-7.63,0,2,2,1.1666666666666667,3.981302437641723
-7.28,1,1,2,0.8181818181818182,5.7562037037037035
-6.0,0,4,0,1.0,10.605235260770975
-4.61,0,1,0,1.6666666666666667,10.206018518518519
-4.78,1,0,1,1.0,2.861111111111111
-9.4,2,2,2,1.0555555555555556,13.519591364323507
2.11,0,0,0,0.75,2.3669444444444445
-5.46,1,1,0,1.0,8.909166666666668
-7.43,0,1,2,0.8571428571428571,2.41962962962963
-6.19,1,1,1,1.125,11.975555555555555
-4.91,1,1,1,1.25,5.583672839506172
-0.86,0,0,1,0.8888888888888888,2.2037037037037037
-0.85,0,0,1,1.2222222222222223,2.1828703703703702
-3.75,0,1,0,1.5454545454545454,11.267824074074074
-2.7,0,0,2,0.4166666666666667,2.1203703703703702
-6.16,1,1,1,1.2222222222222223,9.100092592592592
-7.19,0,6,1,1.25,10.411529523074663
-6.74,0,6,1,1.2222222222222223,10.504174151173835
-5.66,1,6,1,1.1818181818181819,12.893317743764172
-1.61,0,1,0,1.3333333333333333,2.0416666666666665
-10.78,1,2,2,0.9473684210526315,12.243546390778533
-5.49,1,1,0,1.1666666666666667,8.729166666666668
-2.56,0,2,0,1.625,10.348472222222222
1.47,0,0,0,1.6666666666666667,3.744861111111111
-8.42,1,1,2,1.1666666666666667,13.966636432350718
-7.98,0,7,1,1.0,11.656292359536408
-0.59,0,0,0,2.0,4.762345679012345
-9.76,0,1,1,1.1666666666666667,11.38167044595616
-2.92,0,1,0,1.125,10.643055555555556
-3.92,0,2,1,1.3,10.791203703703705
-4.27,0,1,1,1.2222222222222223,10.117781557067271
-2.28,0,2,0,1.3333333333333333,10.579722222222223
-7.4,2,2,0,0.6666666666666666,3.2222222222222223
-5.74,0,6,1,1.173913043478261,12.538901329050137
-6.69,1,2,0,1.6666666666666667,8.07236111111111
2.51,0,0,0,1.1666666666666667,2.2777777777777777
-5.51,0,2,1,1.4285714285714286,3.916666666666667
-3.34,0,2,0,1.8333333333333333,9.40486111111111
-0.9,0,0,1,0.6666666666666666,2.1875
-16.92,2,2,1,1.4444444444444444,11.984814814814815
-5.0,1,1,0,2.0,7.569444444444445
-2.82,0,0,2,0.6666666666666666,2.1782407407407405
-3.37,0,2,2,0.5,5.914545452954844
-4.71,0,1,1,1.2,8.48037037037037
-2.56,0,2,0,2.0,9.182638888888889
-1.34,0,0,1,0.6,5.610895061728394
-5.23,0,3,1,1.0,5.450833333333334
-9.62,1,3,1,1.5,10.047592592592594
-4.09,1,1,0,0.8888888888888888,8.42278195074326
1.38,0,0,0,2.0,3.4791666666666665
0.08,0,0,0,0.8,4.826388888888888
-6.79,1,1,1,1.1111111111111112,8.519688208616781
-9.13,1,1,1,1.25,11.12704081632653
-1.83,0,2,0,1.0,2.060185185185185
-9.01,0,3,0,1.125,11.902314814814815
-8.84,0,6,0,0.8666666666666667,10.640325963718821
-1.91,0,1,0,1.3333333333333333,4.25
2.48,0,0,0,0.8333333333333334,2.2318055555555554
-2.33,0,0,0,1.0,3.201388888888889
-1.23,0,0,0,1.0,5.13503086419753
-15.46,2,2,1,1.25,11.83837112622827
-5.21,1,1,1,1.1111111111111112,5.681851851851851
-2.79,0,2,0,1.7142857142857142,9.980416666666667
-5.72,0,1,2,0.9,4.181203703703703
-1.14,1,1,0,2.0,3.7885802469135803
-1.64,0,2,0,1.0,2.173935185185185
-1.4,0,1,1,1.0,2.0416666666666665
-2.4,0,0,2,0.9166666666666666,2.196759259259259
-3.52,0,1,0,1.6666666666666667,10.04375
-4.61,0,0,2,0.45,6.176121189216426
-2.45,0,5,1,1.1666666666666667,12.916887702611909
-6.69,1,1,0,2.0,9.0
-3.5,0,1,0,2.0,8.805555555555555
-8.84,1,3,1,1.5,10.103148148148149
0.29,0,0,0,1.6666666666666667,4.964583333333334
-6.12,1,2,1,1.3333333333333333,5.506064814814815
-6.6,1,1,1,1.0,8.632222222222222
-3.84,0,1,0,2.0,7.625
-7.67,1,1,2,0.8181818181818182,9.371203703703703
-2.64,0,2,0,1.625,10.096346371882085
-9.84,1,4,0,1.6666666666666667,10.532093253968254
-5.9,1,1,1,1.25,8.91925925925926
-2.86,0,1,0,1.6,9.50462962962963
-9.4,1,1,0,2.0,9.590277777777779
-0.56,0,0,0,1.75,3.248263888888889
-0.25,0,0,0,1.5,5.274691358024691
-1.89,0,0,0,1.0,5.2172067901234565
-10.64,1,3,1,1.3,10.036148904006048
-1.27,0,0,0,1.8,5.330246913580247
-5.9,1,1,1,1.125,5.55611111111111
-9.44,1,3,2,0.7058823529411765,12.24212962962963
-4.82,0,1,1,1.375,4.078703703703704
-6.02,0,2,1,1.375,8.259814814814815
-4.37,0,5,0,1.1538461538461537,5.469778911564626
-3.9,0,1,0,1.2222222222222223,10.798796296296297
-3.93,0,1,1,1.3333333333333333,10.227314814814815
-7.62,0,2,1,1.4444444444444444,10.617592592592594
-3.71,0,2,2,0.55,6.086890274628368
-3.8,0,1,0,1.5,9.444444444444445
1.16,0,0,0,1.5,3.5555555555555554
-3.61,0,0,2,0.6470588235294118,6.0974174855127234
-2.82,0,2,0,1.5,9.67967970521542
-3.68,0,1,0,1.5714285714285714,9.592874149659863
-11.95,0,3,1,1.2857142857142858,11.38167044595616
-3.47,0,1,0,1.0,4.944444444444445
2.88,0,0,0,0.625,2.2558985260770976
-3.25,0,5,1,1.0,12.844830089443185
-2.49,0,2,0,1.4285714285714286,10.829872606449987
-4.29,0,6,0,1.3333333333333333,9.715386904761905
-0.53,0,1,0,0.8571428571428571,5.25
2.93,0,0,0,1.2857142857142858,2.2734722222222223
-5.22,0,2,1,0.7857142857142857,10.534635928445452
-0.11,0,0,0,1.4285714285714286,10.999421296296298
-0.83,0,1,0,0.8888888888888888,5.314444444444444
2.55,0,0,0,1.1,2.2863572373393803
2.83,0,0,0,0.8571428571428571,2.263888888888889
-4.72,0,1,1,1.25,4.078703703703704
-4.22,0,1,0,1.6,9.318055555555556
2.71,0,0,0,1.2857142857142858,2.3090277777777777
-1.96,0,0,2,0.5882352941176471,6.1270962459057685
-1.29,0,1,1,1.0,12.23902305366591
-4.84,0,2,0,1.0,4.657222222222222
-0.45,0,0,1,1.2,2.259259259259259
-6.92,1,1,1,1.1,8.527570861678004
-6.23,1,5,1,1.2941176470588236,10.682688492063491
-5.33,0,3,1,1.1666666666666667,10.950016534391533
-7.78,1,1,1,1.3846153846153846,10.990254157218443
-10.21,1,2,2,1.1764705882352942,10.916244733634706
3.43,0,0,0,0.3333333333333333,11.609375
-2.21,0,2,0,1.5555555555555556,10.203016817838247
0.0,0,0,0,1.1428571428571428,5.4372659989921885
-3.05,0,1,0,1.5714285714285714,10.254166666666666
-2.81,0,1,0,1.4285714285714286,9.67967970521542
-5.82,1,1,1,1.375,5.564969135802468
-7.17,1,2,0,1.1666666666666667,5.006944444444445
-3.28,0,2,0,1.125,5.0600000000000005
-3.51,0,5,1,1.0869565217391304,12.833244026796514
-1.2,1,1,0,1.5,3.5277777777777777
-4.23,0,3,0,0.9473684210526315,11.316003401360547
-4.4,0,2,1,1.2727272727272727,10.804183201058201
-5.03,1,1,0,2.0,7.756944444444445
-1.5,0,1,0,1.75,2.1435185185185186
-2.51,0,2,0,1.4444444444444444,10.184675453514739
-1.62,0,0,1,0.8,5.627098765432098
-4.58,0,1,1,1.2222222222222223,10.64537037037037
-0.63,0,0,0,2.0,4.9984567901234565
2.13,0,0,0,1.25,2.29
-0.78,0,0,1,0.6666666666666666,5.581358024691357
-9.37,1,3,1,1.3846153846153846,11.211010015117157
-6.62,1,1,1,1.375,8.72861111111111
-4.42,1,1,0,1.5,8.236666666666666
-4.09,1,1,0,1.3333333333333333,5.214583333333334
-11.14,1,3,1,1.2857142857142858,11.668078703703703
2.93,0,0,0,1.1111111111111112,2.300972222222222
-6.25,1,2,0,1.375,8.240586734693878
-4.82,0,1,0,0.8421052631578947,6.824158950617283
-11.0,1,1,1,1.2222222222222223,10.423148148148147
-3.13,0,2,0,1.6666666666666667,9.50462962962963
-13.43,3,3,0,1.1666666666666667,8.166666666666668
-0.53,0,0,0,1.75,2.351388888888889
-6.55,1,2,0,1.8,5.014027777777778
-1.43,0,0,0,1.1666666666666667,5.116512345679012
-2.93,0,2,0,1.8333333333333333,9.958333333333334
1.2,0,0,0,0.4,1.5
-4.59,0,1,1,1.625,3.9555092592592596
-4.84,0,1,1,1.125,3.9837962962962963
-6.619999999999999,1,2,0,1.8,7.94125
-2.78,0,2,0,2.0,8.95138888888889
-7.47,1,1,2,0.8181818181818182,5.623871882086168
-10.27,1,1,1,1.8333333333333333,3.861111111111111
-3.45,0,2,1,1.5,10.158703703703704
-2.32,0,0,0,0.8333333333333334,5.3216512345679
-5.99,0,4,0,1.875,9.91875
-0.44,0,0,1,0.9,2.224537037037037
-2.49,0,2,0,1.4444444444444444,10.464401927437642
-4.16,1,1,0,1.4285714285714286,10.92824074074074
-0.1,0,0,0,1.3333333333333333,3.350347222222222
1.92,0,0,0,1.25,3.6583205782312924
-4.51,0,1,0,1.5454545454545454,11.36976851851852
-4.74,1,1,0,1.5,8.055555555555555
-3.95,1,1,0,1.1428571428571428,5.269288548752835
-4.8,0,6,0,1.0,9.504970238095238
-6.01,1,1,1,1.2222222222222223,9.043703703703704
-4.57,1,1,0,1.3333333333333333,8.19736111111111
-4.39,1,1,0,1.6666666666666667,8.55236111111111
2.97,0,0,0,1.25,2.3290277777777777
-7.0,1,1,1,1.2,10.762425070336777
-8.15,0,8,0,1.1578947368421053,11.802090419501134
-6.5,1,1,1,1.1111111111111112,8.9375
-6.79,1,1,1,1.4444444444444444,8.878858024691358
1.68,0,0,0,1.4285714285714286,2.2118055555555554
-1.16,0,1,0,1.0,5.131944444444445
-3.2,1,1,0,1.2727272727272727,9.70976851851852
-6.68,2,6,1,1.125,4.309135015117158
2.89,0,0,0,1.125,2.2847222222222223
-2.64,0,1,0,1.0,10.960833333333333
-3.64,0,2,0,1.2307692307692308,11.527920445956159
1.66,0,0,0,1.4285714285714286,3.6324914965986395
-2.02,0,2,0,1.6666666666666667,9.393055555555556
-4.97,0,4,0,1.1,10.222133408919124
-17.74,2,2,1,1.4444444444444444,10.432314814814815
-1.24,0,0,1,1.2222222222222223,3.8253703703703703
2.38,0,0,0,1.4,2.2222222222222223
-2.09,0,3,0,1.75,9.457457482993197
-1.46,0,0,1,1.0,3.3112500000000002
-0.19,0,0,0,1.2,5.0609567901234565
-4.09,0,1,0,1.8181818181818181,10.345718537414966
-3.58,0,2,1,1.4,10.227314814814815
0.27,0,0,0,1.0,2.439189172335601
-4.52,0,0,4,0.375,2.212407407407407
-0.1,0,0,0,1.3333333333333333,5.380293209876543
-2.36,0,2,0,1.625,10.125972222222222
2.51,0,0,0,1.1666666666666667,2.2430555555555554
-9.82,1,3,1,1.3,10.07696523053666
-6.72,0,3,0,2.0,9.967083333333333
-7.48,1,2,1,1.2222222222222223,5.425816326530612
0.16,0,0,1,1.1,2.2430555555555554
-2.16,0,0,2,0.7333333333333333,6.100429579239102
-4.55,1,1,0,1.5,4.5
-4.55,1,1,1,1.25,8.787314814814815
-11.53,1,3,2,0.7058823529411765,12.197962962962963
-1.17,0,0,0,1.0,4.8734567901234565
-3.28,0,1,0,1.5714285714285714,10.202638888888888
-5.73,0,6,0,1.0,9.401901927437642
-5.29,1,1,1,1.25,12.068703703703704
-9.41,0,5,1,1.1176470588235294,11.486593915343914
-1.24,0,0,1,1.125,3.630925925925926
-7.5,0,4,0,0.9090909090909091,11.346527777777778
-4.31,1,1,0,1.3333333333333333,10.534722222222221
-5.73,1,2,0,1.5555555555555556,8.726697845804988
-4.85,1,1,0,1.75,7.875
-0.9,0,0,1,0.875,2.1203703703703702
2.51,0,0,0,0.8,2.1875
0.01,0,0,0,1.8,4.889027777777778
-9.61,1,2,1,0.9090909090909091,10.943981481481481
-0.25,0,0,0,1.6,2.387438888888889
-6.13,1,1,1,1.125,8.756666666666668
-0.46,0,0,0,1.5,2.3433333333333337
-5.94,1,2,1,1.3333333333333333,8.98550925925926
0.56,0,0,0,1.0,2.236111111111111
-4.2,1,1,0,1.4285714285714286,10.92824074074074
-4.39,1,1,0,1.75,5.027777777777778
-4.58,1,3,1,1.4,10.067314814814814
-2.44,0,0,2,0.8181818181818182,2.1574074074074074
-2.33,0,0,1,0.3333333333333333,5.668765432098764
-3.43,0,1,0,1.3333333333333333,9.750744126354245
0.71,0,0,0,1.25,5.060742630385487
-6.48,0,6,1,1.2105263157894737,5.684814814814814
-2.04,0,2,0,1.1818181818181819,10.622271904132024
-5.48,1,1,0,1.0,3.2222222222222223
-8.83,1,2,1,1.2222222222222223,10.036148904006048
0.29,0,0,0,1.0,5.4804561917359536
-5.06,0,2,0,0.6666666666666666,4.944444444444445
